<?xml version = '1.0' encoding = 'UTF-8'?>
<Diagram class="oracle.dbtools.crest.swingui.relational.DPVRelational" name="Relational_1" id="69F884FC-633A-B5E7-C222-4CE769367AC7">
<createdBy>CaGua</createdBy>
<modifiedBy>CaGua</modifiedBy>
<createdTime>2015-10-17 02:31:57 UTC</createdTime>
<autoRoute>false</autoRoute>
<boxInbox>true</boxInbox>
<showLegend>false</showLegend>
<showLabels>false</showLabels>
<showRelAttributes>false</showRelAttributes>
<gridEnabled>false</gridEnabled>
<showGrid>false</showGrid>
<diagramColor>-1</diagramColor>
<display>false</display>
<notation>1</notation>
<objectViews>
<OView class="oracle.dbtools.crest.swingui.relational.TVTable" oid="00F81CD6-7B3C-FD0C-874A-B4DC84721697" otype="Table" vid="B1BD3561-BED5-9B2C-65F1-B478E4C5FE9D">
<hideElementsInCurrentOnly>false</hideElementsInCurrentOnly>
<bounds x="331" y="428" width="311" height="121"/>
</OView>
<OView class="oracle.dbtools.crest.swingui.relational.TVTable" oid="154F5BFA-6BC1-2FEC-4C32-CF38AFFE3D4D" otype="Table" vid="DBDFC174-40B4-C2C6-BA4A-BB758767AE27">
<hideElementsInCurrentOnly>false</hideElementsInCurrentOnly>
<bounds x="748" y="99" width="170" height="110"/>
</OView>
<OView class="oracle.dbtools.crest.swingui.relational.TVTable" oid="1BE0E005-BF43-9FAD-ABF4-5987C44BA89F" otype="Table" vid="608E23E3-5C84-AB87-7E80-7F5DA0EB6CEE">
<hideElementsInCurrentOnly>false</hideElementsInCurrentOnly>
<bounds x="70" y="50" width="170" height="76"/>
</OView>
<OView class="oracle.dbtools.crest.swingui.relational.TVTable" oid="2C97FDA1-D66A-D852-970A-946231B17E67" otype="Table" vid="22083234-6715-373E-0DE1-4AE544EED573">
<hideElementsInCurrentOnly>false</hideElementsInCurrentOnly>
<bounds x="726" y="399" width="181" height="151"/>
</OView>
<OView class="oracle.dbtools.crest.swingui.relational.TVTable" oid="395893B3-BD16-A9F7-0734-77A4B9200C7C" otype="Table" vid="355350DA-C217-AA9E-5DE5-A5F1B0780546">
<hideElementsInCurrentOnly>false</hideElementsInCurrentOnly>
<bounds x="451" y="92" width="178" height="152"/>
</OView>
<OView class="oracle.dbtools.crest.swingui.relational.TVTable" oid="7983DA24-5868-AA28-E850-F03B450EF15A" otype="Table" vid="3912CB3D-7BDA-C8A7-C015-B233C1CBA5E7">
<hideElementsInCurrentOnly>false</hideElementsInCurrentOnly>
<bounds x="48" y="436" width="231" height="119"/>
</OView>
<OView class="oracle.dbtools.crest.swingui.relational.TVTable" oid="94B8FD85-FC93-AF0F-0E77-169EF11DC401" otype="Table" vid="1646F815-3982-DA2A-68BB-9DC80E8AC992">
<hideElementsInCurrentOnly>false</hideElementsInCurrentOnly>
<bounds x="36" y="161" width="230" height="239"/>
</OView>
</objectViews>
<connectors>
<Connector class="oracle.dbtools.crest.swingui.relational.TVFKRelation" oid="24EB5B15-E463-C95B-BF9B-21E150B113EE" otype="FKIndexAssociation" vid_source="DBDFC174-40B4-C2C6-BA4A-BB758767AE27" vid_target="22083234-6715-373E-0DE1-4AE544EED573">
<hideElementsInCurrentOnly>false</hideElementsInCurrentOnly>
<lineWidth>1</lineWidth>
<points>
<point x="827" y="209"/>
<point x="827" y="399"/>
</points>
</Connector>
<Connector class="oracle.dbtools.crest.swingui.relational.TVFKRelation" oid="3E774BC0-47BF-6463-9686-F2AC15419CB8" otype="FKIndexAssociation" vid_source="1646F815-3982-DA2A-68BB-9DC80E8AC992" vid_target="B1BD3561-BED5-9B2C-65F1-B478E4C5FE9D">
<hideElementsInCurrentOnly>false</hideElementsInCurrentOnly>
<lineWidth>1</lineWidth>
<points>
<point x="266" y="345"/>
<point x="486" y="428"/>
</points>
</Connector>
<Connector class="oracle.dbtools.crest.swingui.relational.TVFKRelation" oid="47B02857-39B4-22A3-D787-7012E54E72B6" otype="FKIndexAssociation" vid_source="22083234-6715-373E-0DE1-4AE544EED573" vid_target="B1BD3561-BED5-9B2C-65F1-B478E4C5FE9D">
<hideElementsInCurrentOnly>false</hideElementsInCurrentOnly>
<lineWidth>1</lineWidth>
<points>
<point x="726" y="488"/>
<point x="642" y="488"/>
</points>
</Connector>
<Connector class="oracle.dbtools.crest.swingui.relational.TVFKRelation" oid="5018274B-F44B-954C-13A1-8C8C17143005" otype="FKIndexAssociation" vid_source="DBDFC174-40B4-C2C6-BA4A-BB758767AE27" vid_target="355350DA-C217-AA9E-5DE5-A5F1B0780546">
<hideElementsInCurrentOnly>false</hideElementsInCurrentOnly>
<lineWidth>1</lineWidth>
<points>
<point x="748" y="154"/>
<point x="629" y="154"/>
</points>
</Connector>
<Connector class="oracle.dbtools.crest.swingui.relational.TVFKRelation" oid="810C4C18-BC6A-B1C9-D448-0732BE42A778" otype="FKIndexAssociation" vid_source="22083234-6715-373E-0DE1-4AE544EED573" vid_target="1646F815-3982-DA2A-68BB-9DC80E8AC992">
<hideElementsInCurrentOnly>false</hideElementsInCurrentOnly>
<lineWidth>1</lineWidth>
<points>
<point x="726" y="399"/>
<point x="266" y="278"/>
</points>
</Connector>
<Connector class="oracle.dbtools.crest.swingui.relational.TVFKRelation" oid="CEE338A2-3045-1F07-E512-718526312ECF" otype="FKIndexAssociation" vid_source="355350DA-C217-AA9E-5DE5-A5F1B0780546" vid_target="1646F815-3982-DA2A-68BB-9DC80E8AC992">
<hideElementsInCurrentOnly>false</hideElementsInCurrentOnly>
<lineWidth>1</lineWidth>
<points>
<point x="451" y="202"/>
<point x="266" y="202"/>
</points>
</Connector>
<Connector class="oracle.dbtools.crest.swingui.relational.TVFKRelation" oid="D733A3FE-9288-B3A7-FC24-411AF7FDE629" otype="FKIndexAssociation" vid_source="1646F815-3982-DA2A-68BB-9DC80E8AC992" vid_target="3912CB3D-7BDA-C8A7-C015-B233C1CBA5E7">
<hideElementsInCurrentOnly>false</hideElementsInCurrentOnly>
<lineWidth>1</lineWidth>
<points>
<point x="157" y="400"/>
<point x="157" y="436"/>
</points>
</Connector>
<Connector class="oracle.dbtools.crest.swingui.relational.TVFKRelation" oid="E4CE500D-6BDD-AD39-F3CB-C64F0C2D1948" otype="FKIndexAssociation" vid_source="608E23E3-5C84-AB87-7E80-7F5DA0EB6CEE" vid_target="1646F815-3982-DA2A-68BB-9DC80E8AC992">
<hideElementsInCurrentOnly>false</hideElementsInCurrentOnly>
<lineWidth>1</lineWidth>
<points>
<point x="165" y="126"/>
<point x="165" y="161"/>
</points>
</Connector>
</connectors>
<arcs>
<Arc class="oracle.dbtools.crest.swingui.relational.TVFKArc" oid="F29FE15A-1EB8-1BDE-AE79-6B39394CCA4E" otype="FKArc" vid="BA6E6B13-E6BA-3302-5048-2B7400751E57">
<hideElementsInCurrentOnly>false</hideElementsInCurrentOnly>
<bounds x="728" y="79" width="210" height="150"/>
</Arc>
</arcs>
</Diagram>