<?xml version = '1.0' encoding = 'UTF-8'?>
<Entity class="oracle.dbtools.crest.model.design.logical.Entity" directorySegmentName="seg_0" id="7D7CA071-D1B1-B3A7-FE00-90CA33DBBAA3" name="Comprador">
<createdBy>aleja_000</createdBy>
<createdTime>2015-10-14 02:10:48 UTC</createdTime>
<generatorID>Generado por el Usuario</generatorID>
<ownerDesignName>try4</ownerDesignName>
<engineerTo>
<item key="47467078-0511-43DA-A82B-14940D38FCA8" value="true"/>
</engineerTo>
<adequatelyNormalized>NO</adequatelyNormalized>
<expectedVolumes>0</expectedVolumes>
<fwdEngineeringStrategyName>Single Table</fwdEngineeringStrategyName>
<growthPercent>0</growthPercent>
<growthType>Year</growthType>
<hierarchicalParent>782117C0-8D97-3D93-674E-91E0242B5745</hierarchicalParent>
<maxVolumes>9999999</maxVolumes>
<minVolumes>0</minVolumes>
<normalForm>Third</normalForm>
<attributes itemClass="oracle.dbtools.crest.model.design.logical.Attribute">
<Attribute name="idC" id="10FD82A3-7E2D-5A4A-A1DB-2F253DD91E12">
<createdBy>root</createdBy>
<createdTime>2015-10-15 20:22:23 UTC</createdTime>
<generatorID>Generado por el Usuario</generatorID>
<ownerDesignName>try4</ownerDesignName>
<engineerTo>
<item key="47467078-0511-43DA-A82B-14940D38FCA8" value="true"/>
</engineerTo>
<useDomainConstraints>false</useDomainConstraints>
<use>1</use>
<logicalDatatype>LOGDT019</logicalDatatype>
<ownDataTypeParameters>,,</ownDataTypeParameters>
</Attribute>
<Attribute name="usuario" id="DD9E950B-3C00-4ADC-6847-D104A31CEE68">
<createdBy>root</createdBy>
<createdTime>2015-10-15 20:22:28 UTC</createdTime>
<generatorID>Generado por el Usuario</generatorID>
<ownerDesignName>try4</ownerDesignName>
<engineerTo>
<item key="47467078-0511-43DA-A82B-14940D38FCA8" value="true"/>
</engineerTo>
<useDomainConstraints>false</useDomainConstraints>
<use>1</use>
<logicalDatatype>LOGDT024</logicalDatatype>
<ownDataTypeParameters>,,</ownDataTypeParameters>
</Attribute>
<Attribute name="contraseña" id="A96080D3-4341-CD0F-3400-363FCE06C8C1">
<createdBy>root</createdBy>
<createdTime>2015-10-15 20:22:37 UTC</createdTime>
<generatorID>Generado por el Usuario</generatorID>
<ownerDesignName>try4</ownerDesignName>
<engineerTo>
<item key="47467078-0511-43DA-A82B-14940D38FCA8" value="true"/>
</engineerTo>
<useDomainConstraints>false</useDomainConstraints>
<use>1</use>
<logicalDatatype>LOGDT024</logicalDatatype>
<ownDataTypeParameters>,,</ownDataTypeParameters>
</Attribute>
</attributes>
<identifiers itemClass="oracle.dbtools.crest.model.design.logical.CandidateKey">
<identifier id="05BB41C3-A392-DFFD-91C7-C0D5FC6FFB56" name="Comprador PK">
<createdBy>salainformatica</createdBy>
<createdTime>2015-10-16 02:03:35 UTC</createdTime>
<generatorID>Generado por el Usuario</generatorID>
<ownerDesignName>try4</ownerDesignName>
<engineerTo>
<item key="47467078-0511-43DA-A82B-14940D38FCA8" value="true"/>
</engineerTo>
<pk>true</pk>
<usedAttributes>
<attributeRef>10FD82A3-7E2D-5A4A-A1DB-2F253DD91E12</attributeRef>
</usedAttributes>
</identifier>
<identifier id="CB503E10-581E-8E3F-B83D-418742F7202E" name="Key_2">
<createdBy>salainformatica</createdBy>
<createdTime>2015-10-16 02:04:45 UTC</createdTime>
<generatorID>Generado por el Usuario</generatorID>
<ownerDesignName>try4</ownerDesignName>
<engineerTo>
<item key="47467078-0511-43DA-A82B-14940D38FCA8" value="true"/>
</engineerTo>
<newElementsIDs>DD9E950B-3C00-4ADC-6847-D104A31CEE68</newElementsIDs>
<usedAttributes>
<attributeRef>DD9E950B-3C00-4ADC-6847-D104A31CEE68</attributeRef>
</usedAttributes>
</identifier>
</identifiers>
</Entity>