<?xml version = '1.0' encoding = 'UTF-8'?>
<Entity class="oracle.dbtools.crest.model.design.logical.Entity" directorySegmentName="seg_0" id="A042D058-C914-BD6F-9663-23C78BA03792" name="Ciudad">
<createdBy>CaGua</createdBy>
<createdTime>2015-10-17 02:22:53 UTC</createdTime>
<ownerDesignName>try4</ownerDesignName>
<engineerTo>
<item key="D8185E67-08EF-DA30-1707-EFA7DC577208" value="true"/>
</engineerTo>
<adequatelyNormalized>NO</adequatelyNormalized>
<expectedVolumes>0</expectedVolumes>
<fwdEngineeringStrategyName>Single Table</fwdEngineeringStrategyName>
<growthPercent>0</growthPercent>
<growthType>Year</growthType>
<maxVolumes>9999999</maxVolumes>
<minVolumes>0</minVolumes>
<normalForm>Third</normalForm>
<attributes itemClass="oracle.dbtools.crest.model.design.logical.Attribute">
<Attribute name="cod_ciudad" id="17A3F7B2-D112-DB54-04ED-ACD95016CC00">
<createdBy>CaGua</createdBy>
<createdTime>2015-10-17 02:23:35 UTC</createdTime>
<ownerDesignName>try4</ownerDesignName>
<engineerTo>
<item key="D8185E67-08EF-DA30-1707-EFA7DC577208" value="true"/>
</engineerTo>
<useDomainConstraints>false</useDomainConstraints>
<use>1</use>
<logicalDatatype>LOGDT019</logicalDatatype>
<ownDataTypeParameters>,,</ownDataTypeParameters>
</Attribute>
<Attribute name="nombre" id="B8D6564D-4599-84DB-3A05-6226D4F9C085">
<createdBy>CaGua</createdBy>
<createdTime>2015-10-17 02:22:59 UTC</createdTime>
<ownerDesignName>try4</ownerDesignName>
<engineerTo>
<item key="D8185E67-08EF-DA30-1707-EFA7DC577208" value="true"/>
</engineerTo>
<useDomainConstraints>false</useDomainConstraints>
<use>1</use>
<logicalDatatype>LOGDT024</logicalDatatype>
<ownDataTypeParameters>,,</ownDataTypeParameters>
</Attribute>
</attributes>
<identifiers itemClass="oracle.dbtools.crest.model.design.logical.CandidateKey">
<identifier id="4F5706EF-3D74-E258-FF8E-1EDE5A1D29F3" name="Ciudad PK">
<createdBy>CaGua</createdBy>
<createdTime>2015-10-17 02:24:14 UTC</createdTime>
<ownerDesignName>try4</ownerDesignName>
<engineerTo>
<item key="D8185E67-08EF-DA30-1707-EFA7DC577208" value="true"/>
</engineerTo>
<pk>true</pk>
<usedAttributes>
<attributeRef>17A3F7B2-D112-DB54-04ED-ACD95016CC00</attributeRef>
</usedAttributes>
</identifier>
</identifiers>
</Entity>