<?xml version = '1.0' encoding = 'UTF-8'?>
<FKIndexAssociation class="oracle.dbtools.crest.model.design.relational.FKIndexAssociation" directorySegmentName="seg_0" id="3E774BC0-47BF-6463-9686-F2AC15419CB8" containerWithKeyObject="00F81CD6-7B3C-FD0C-874A-B4DC84721697" localFKIndex="66455D9B-3CE3-5E74-C793-DC5007AE6198" name="FK_ASS_4">
<createdBy>CaGua</createdBy>
<createdTime>2015-10-17 02:32:07 UTC</createdTime>
<generatorID>5CED85F4-900A-8800-5DBF-666430E9DE55</generatorID>
<ownerDesignName>try4</ownerDesignName>
<deleteRule>NO ACTION</deleteRule>
<referredTableID>94B8FD85-FC93-AF0F-0E77-169EF11DC401</referredTableID>
<keyObject>ACFFA17D-C05E-7E0A-AD14-0318F23126CD</keyObject>
<referredKeyID>ACFFA17D-C05E-7E0A-AD14-0318F23126CD</referredKeyID>
<mandatory>true</mandatory>
<transferable>true</transferable>
<rely>false</rely>
<columnDependencyConstraintGenerateInDDL>true</columnDependencyConstraintGenerateInDDL>
</FKIndexAssociation>