<?xml version = '1.0' encoding = 'UTF-8'?>
<Diagram class="oracle.dbtools.crest.swingui.logical.DPVLogical" name="Logical" id="C31D634E-12A8-CDBE-9F60-E4217EB26E5C">
<createdBy>aleja_000</createdBy>
<modifiedBy>aleja_000</modifiedBy>
<createdTime>2015-10-14 02:10:24 UTC</createdTime>
<autoRoute>false</autoRoute>
<boxInbox>false</boxInbox>
<showLegend>false</showLegend>
<showLabels>true</showLabels>
<showRelAttributes>true</showRelAttributes>
<gridEnabled>false</gridEnabled>
<showGrid>false</showGrid>
<diagramColor>-1</diagramColor>
<display>false</display>
<notation>1</notation>
<showAllDetails>false</showAllDetails>
<showElements>true</showElements>
<objectViews>
<OView class="oracle.dbtools.crest.swingui.logical.TVEntity" oid="782117C0-8D97-3D93-674E-91E0242B5745" otype="Entity" vid="61095C2A-2FF6-81CA-DF6A-7B83EF926C05">
<hideElementsInCurrentOnly>false</hideElementsInCurrentOnly>
<bounds x="748" y="99" width="170" height="110"/>
</OView>
<OView class="oracle.dbtools.crest.swingui.logical.TVEntity" oid="7D7CA071-D1B1-B3A7-FE00-90CA33DBBAA3" otype="Entity" vid="B1E65CE1-136A-3257-7B24-A6A414D7E671">
<hideElementsInCurrentOnly>false</hideElementsInCurrentOnly>
<bounds x="726" y="399" width="174" height="90"/>
</OView>
<OView class="oracle.dbtools.crest.swingui.logical.TVEntity" oid="7FE17531-6E80-F5D1-DE7E-CCD071770B0A" otype="Entity" vid="C138590A-9843-3B22-290B-9E25ECF3DED4">
<hideElementsInCurrentOnly>false</hideElementsInCurrentOnly>
<bounds x="43" y="191" width="171" height="164"/>
</OView>
<OView class="oracle.dbtools.crest.swingui.logical.TVEntity" oid="9D9E1B5B-5ED5-9581-08A0-800EAA617ABD" otype="Entity" vid="660F5BA7-4BD8-6B02-2F61-E8B3C1B5426B">
<hideElementsInCurrentOnly>false</hideElementsInCurrentOnly>
<bounds x="48" y="436" width="170" height="110"/>
</OView>
<OView class="oracle.dbtools.crest.swingui.logical.TVEntity" oid="A042D058-C914-BD6F-9663-23C78BA03792" otype="Entity" vid="39F3D1B7-197A-9574-0DF9-25CFBCCB4236">
<hideElementsInCurrentOnly>false</hideElementsInCurrentOnly>
<bounds x="82" y="68" width="170" height="56"/>
</OView>
<OView class="oracle.dbtools.crest.swingui.logical.TVEntity" oid="B0901B92-02EF-C61F-6397-2AEBA657D255" otype="Entity" vid="D824C19D-F3D8-C5D9-193B-054EC704D4C3">
<hideElementsInCurrentOnly>false</hideElementsInCurrentOnly>
<bounds x="451" y="92" width="150" height="90"/>
</OView>
</objectViews>
<connectors>
<Connector class="oracle.dbtools.crest.swingui.logical.TVRelation" oid="1B1A637D-D99B-C47A-1656-712D80F3E163" otype="Relation" vid_source="C138590A-9843-3B22-290B-9E25ECF3DED4" vid_target="39F3D1B7-197A-9574-0DF9-25CFBCCB4236">
<hideElementsInCurrentOnly>false</hideElementsInCurrentOnly>
<lineWidth>1</lineWidth>
<sourceLabel class="oracle.dbtools.crest.model.design.Label">
<site>0</site>
<labelBounds x="151" y="174" width="71" height="20"/>
<fonts itemClass="oracle.dbtools.crest.model.design.FontObjectWr">
<FontObject>
<foType>Text</foType>
<colorRGB>-16777216</colorRGB>
</FontObject>
<FontObject>
<foType>Texto</foType>
<colorRGB>-16777216</colorRGB>
</FontObject>
</fonts>
</sourceLabel>
<targetLabel class="oracle.dbtools.crest.model.design.Label">
<site>2</site>
<labelBounds x="151" y="129" width="34" height="20"/>
<fonts itemClass="oracle.dbtools.crest.model.design.FontObjectWr">
<FontObject>
<foType>Text</foType>
<colorRGB>-16777216</colorRGB>
</FontObject>
<FontObject>
<foType>Texto</foType>
<colorRGB>-16777216</colorRGB>
</FontObject>
</fonts>
</targetLabel>
<points>
<point x="148" y="191"/>
<point x="148" y="124"/>
</points>
</Connector>
<Connector class="oracle.dbtools.crest.swingui.logical.TVInheritanceRelation" oid="4F275D11-90A2-4DE2-7DDD-8E2967A2C298" otype="Hierarchy relation" vid_source="61095C2A-2FF6-81CA-DF6A-7B83EF926C05" vid_target="D824C19D-F3D8-C5D9-193B-054EC704D4C3">
<hideElementsInCurrentOnly>false</hideElementsInCurrentOnly>
<lineWidth>1</lineWidth>
<points>
<point x="748" y="156"/>
<point x="601" y="140"/>
</points>
</Connector>
<Connector class="oracle.dbtools.crest.swingui.logical.TVRelation" oid="5CED85F4-900A-8800-5DBF-666430E9DE55" otype="Relation" vid_source="B1E65CE1-136A-3257-7B24-A6A414D7E671" vid_target="C138590A-9843-3B22-290B-9E25ECF3DED4">
<hideElementsInCurrentOnly>false</hideElementsInCurrentOnly>
<lineWidth>1</lineWidth>
<centerLabel class="oracle.dbtools.crest.model.design.Label">
<site>1</site>
<labelBounds x="0" y="25" width="46" height="44"/>
<fonts itemClass="oracle.dbtools.crest.model.design.FontObjectWr">
<FontObject>
<foType>No Nulo</foType>
<colorRGB>-65536</colorRGB>
</FontObject>
<FontObject>
<foType>Atributo</foType>
<colorRGB>-16777216</colorRGB>
</FontObject>
<FontObject>
<foType>Not Null</foType>
<colorRGB>-65536</colorRGB>
</FontObject>
<FontObject>
<foType>Attribute</foType>
<colorRGB>-16777216</colorRGB>
</FontObject>
<FontObject>
<foType>Datatype</foType>
<colorRGB>-16744448</colorRGB>
</FontObject>
</fonts>
</centerLabel>
<sourceLabel class="oracle.dbtools.crest.model.design.Label">
<site>0</site>
<labelBounds x="609" y="376" width="34" height="20"/>
<fonts itemClass="oracle.dbtools.crest.model.design.FontObjectWr">
<FontObject>
<foType>Texto</foType>
<colorRGB>-16777216</colorRGB>
</FontObject>
<FontObject>
<foType>Text</foType>
<colorRGB>-16777216</colorRGB>
</FontObject>
</fonts>
</sourceLabel>
<targetLabel class="oracle.dbtools.crest.model.design.Label">
<site>2</site>
<labelBounds x="353" y="302" width="38" height="20"/>
<fonts itemClass="oracle.dbtools.crest.model.design.FontObjectWr">
<FontObject>
<foType>Texto</foType>
<colorRGB>-16777216</colorRGB>
</FontObject>
<FontObject>
<foType>Text</foType>
<colorRGB>-16777216</colorRGB>
</FontObject>
</fonts>
</targetLabel>
<points>
<point x="726" y="413"/>
<point x="214" y="265"/>
</points>
</Connector>
<Connector class="oracle.dbtools.crest.swingui.logical.TVInheritanceRelation" oid="60DF3918-72C8-A331-00D8-A0599C5CB904" otype="Hierarchy relation" vid_source="61095C2A-2FF6-81CA-DF6A-7B83EF926C05" vid_target="B1E65CE1-136A-3257-7B24-A6A414D7E671">
<hideElementsInCurrentOnly>false</hideElementsInCurrentOnly>
<lineWidth>1</lineWidth>
<points>
<point x="823" y="209"/>
<point x="824" y="399"/>
</points>
</Connector>
<Connector class="oracle.dbtools.crest.swingui.logical.TVRelation" oid="87E3FF14-998A-6F0F-1940-0BD68CF80880" otype="Relation" vid_source="C138590A-9843-3B22-290B-9E25ECF3DED4" vid_target="660F5BA7-4BD8-6B02-2F61-E8B3C1B5426B">
<hideElementsInCurrentOnly>false</hideElementsInCurrentOnly>
<lineWidth>1</lineWidth>
<sourceLabel class="oracle.dbtools.crest.model.design.Label">
<site>0</site>
<labelBounds x="164" y="375" width="34" height="20"/>
<fonts itemClass="oracle.dbtools.crest.model.design.FontObjectWr">
<FontObject>
<foType>Texto</foType>
<colorRGB>-16777216</colorRGB>
</FontObject>
<FontObject>
<foType>Text</foType>
<colorRGB>-16777216</colorRGB>
</FontObject>
</fonts>
</sourceLabel>
<targetLabel class="oracle.dbtools.crest.model.design.Label">
<site>2</site>
<labelBounds x="149" y="415" width="74" height="34"/>
<fonts itemClass="oracle.dbtools.crest.model.design.FontObjectWr">
<FontObject>
<foType>Texto</foType>
<colorRGB>-16777216</colorRGB>
</FontObject>
<FontObject>
<foType>Text</foType>
<colorRGB>-16777216</colorRGB>
</FontObject>
</fonts>
</targetLabel>
<points>
<point x="161" y="355"/>
<point x="131" y="436"/>
</points>
</Connector>
<Connector class="oracle.dbtools.crest.swingui.logical.TVRelation" oid="A44BA49A-A41F-480E-2C23-594AEA5E3FAA" otype="Relation" vid_source="D824C19D-F3D8-C5D9-193B-054EC704D4C3" vid_target="C138590A-9843-3B22-290B-9E25ECF3DED4">
<hideElementsInCurrentOnly>false</hideElementsInCurrentOnly>
<lineWidth>1</lineWidth>
<sourceLabel class="oracle.dbtools.crest.model.design.Label">
<site>0</site>
<labelBounds x="403" y="141" width="61" height="20"/>
<fonts itemClass="oracle.dbtools.crest.model.design.FontObjectWr">
<FontObject>
<foType>Texto</foType>
<colorRGB>-16777216</colorRGB>
</FontObject>
<FontObject>
<foType>Text</foType>
<colorRGB>-16777216</colorRGB>
</FontObject>
</fonts>
</sourceLabel>
<targetLabel class="oracle.dbtools.crest.model.design.Label">
<site>2</site>
<labelBounds x="284" y="195" width="58" height="20"/>
<fonts itemClass="oracle.dbtools.crest.model.design.FontObjectWr">
<FontObject>
<foType>Texto</foType>
<colorRGB>-16777216</colorRGB>
</FontObject>
<FontObject>
<foType>Text</foType>
<colorRGB>-16777216</colorRGB>
</FontObject>
</fonts>
</targetLabel>
<points>
<point x="451" y="114"/>
<point x="214" y="222"/>
</points>
</Connector>
<Connector class="oracle.dbtools.crest.swingui.logical.TVRelation" oid="B30D3945-3D8C-28B3-931B-909712C29C35" otype="Relation" vid_source="B1E65CE1-136A-3257-7B24-A6A414D7E671" vid_target="C138590A-9843-3B22-290B-9E25ECF3DED4">
<hideElementsInCurrentOnly>false</hideElementsInCurrentOnly>
<lineWidth>1</lineWidth>
<sourceLabel class="oracle.dbtools.crest.model.design.Label">
<site>0</site>
<labelBounds x="609" y="426" width="50" height="20"/>
<fonts itemClass="oracle.dbtools.crest.model.design.FontObjectWr">
<FontObject>
<foType>Texto</foType>
<colorRGB>-16777216</colorRGB>
</FontObject>
</fonts>
</sourceLabel>
<targetLabel class="oracle.dbtools.crest.model.design.Label">
<site>2</site>
<labelBounds x="353" y="348" width="57" height="20"/>
<fonts itemClass="oracle.dbtools.crest.model.design.FontObjectWr">
<FontObject>
<foType>Texto</foType>
<colorRGB>-16777216</colorRGB>
</FontObject>
</fonts>
</targetLabel>
<points>
<point x="726" y="465"/>
<point x="214" y="310"/>
</points>
</Connector>
</connectors>
</Diagram>