<?xml version = '1.0' encoding = 'UTF-8'?>
<StructuredType class="oracle.dbtools.crest.model.design.datatypes.StructuredType" name="XMLTYPE" directorySegmentName="seg_0" id="F72C39E0-D1CA-8821-2AD7-A1E95A37D3D1">
<createdBy>aleja_000</createdBy>
<createdTime>2015-10-14 01:56:26 UTC</createdTime>
<generatorID>Generado por el Usuario</generatorID>
<ownerDesignName>try4</ownerDesignName>
<visible>false</visible>
<predefined>true</predefined>
<final>false</final>
<instantiable>true</instantiable>
</StructuredType>