<?xml version = '1.0' encoding = 'UTF-8'?>
<Relation class="oracle.dbtools.crest.model.design.logical.Relation" name="Locacion" directorySegmentName="seg_0" id="1B1A637D-D99B-C47A-1656-712D80F3E163">
<createdBy>CaGua</createdBy>
<createdTime>2015-10-17 02:24:35 UTC</createdTime>
<ownerDesignName>try4</ownerDesignName>
<engineerTo>
<item key="D8185E67-08EF-DA30-1707-EFA7DC577208" value="true"/>
</engineerTo>
<sourcePk>7C79CBA1-DFA2-BDF2-1962-88C79994C0C7</sourcePk>
<targetPk>4F5706EF-3D74-E258-FF8E-1EDE5A1D29F3</targetPk>
<identifying>false</identifying>
<nameOnSource>se encuentra</nameOnSource>
<nameOnTarget>aloja</nameOnTarget>
<optionalSource>false</optionalSource>
<optionalTarget>true</optionalTarget>
<sourceCardinality>1</sourceCardinality>
<sourceEntity>7FE17531-6E80-F5D1-DE7E-CCD071770B0A</sourceEntity>
<targetCardinalityString>1</targetCardinalityString>
<targetEntity>A042D058-C914-BD6F-9663-23C78BA03792</targetEntity>
<transferable>true</transferable>
<deleteRule>NO ACTION</deleteRule>
</Relation>