<?xml version = '1.0' encoding = 'UTF-8'?>
<Relation class="oracle.dbtools.crest.model.design.logical.Relation" name="Lista de Visita" directorySegmentName="seg_0" id="5CED85F4-900A-8800-5DBF-666430E9DE55">
<createdBy>aleja_000</createdBy>
<createdTime>2015-10-14 03:31:15 UTC</createdTime>
<generatorID>Generado por el Usuario</generatorID>
<ownerDesignName>try4</ownerDesignName>
<engineerTo>
<item key="D8185E67-08EF-DA30-1707-EFA7DC577208" value="true"/>
</engineerTo>
<identifying>false</identifying>
<nameOnSource>visita</nameOnSource>
<nameOnTarget>visitada</nameOnTarget>
<optionalSource>false</optionalSource>
<optionalTarget>true</optionalTarget>
<sourceCardinality>*</sourceCardinality>
<sourceEntity>7D7CA071-D1B1-B3A7-FE00-90CA33DBBAA3</sourceEntity>
<targetCardinalityString>*</targetCardinalityString>
<targetEntity>7FE17531-6E80-F5D1-DE7E-CCD071770B0A</targetEntity>
<transferable>true</transferable>
<deleteRule>NO ACTION</deleteRule>
<attributes itemClass="oracle.dbtools.crest.model.design.logical.Attribute">
<attribute name="fecha" id="DB0F7D72-E166-1E91-110F-B1A34033BE03">
<createdBy>salainformatica</createdBy>
<createdTime>2015-10-16 01:24:50 UTC</createdTime>
<generatorID>Generado por el Usuario</generatorID>
<ownerDesignName>try4</ownerDesignName>
<engineerTo>
<item key="D8185E67-08EF-DA30-1707-EFA7DC577208" value="true"/>
</engineerTo>
<nullsAllowed>true</nullsAllowed>
<useDomainConstraints>false</useDomainConstraints>
<use>1</use>
<logicalDatatype>LOGDT007</logicalDatatype>
<ownDataTypeParameters>,,</ownDataTypeParameters>
</attribute>
</attributes>
</Relation>