<?xml version = '1.0' encoding = 'UTF-8'?>
<Relation class="oracle.dbtools.crest.model.design.logical.Relation" name="fotos" directorySegmentName="seg_0" id="87E3FF14-998A-6F0F-1940-0BD68CF80880">
<createdBy>salainformatica</createdBy>
<createdTime>2015-10-16 01:46:08 UTC</createdTime>
<generatorID>Generado por el Usuario</generatorID>
<ownerDesignName>try4</ownerDesignName>
<engineerTo>
<item key="3B359327-6FB8-5E21-C9F3-ACA215566710" value="true"/>
</engineerTo>
<sourcePk>7C79CBA1-DFA2-BDF2-1962-88C79994C0C7</sourcePk>
<identifying>true</identifying>
<nameOnSource>tiene</nameOnSource>
<nameOnTarget>1...5 pertenecen </nameOnTarget>
<optionalSource>false</optionalSource>
<optionalTarget>false</optionalTarget>
<sourceCardinality>1</sourceCardinality>
<sourceEntity>7FE17531-6E80-F5D1-DE7E-CCD071770B0A</sourceEntity>
<targetCardinalityString>*</targetCardinalityString>
<targetEntity>9D9E1B5B-5ED5-9581-08A0-800EAA617ABD</targetEntity>
<transferable>true</transferable>
<deleteRule>NO ACTION</deleteRule>
</Relation>