<?xml version = '1.0' encoding = 'UTF-8'?>
<InheritanceRelation class="oracle.dbtools.crest.model.design.logical.InheritanceRelation" name="Hierarchy_1" directorySegmentName="seg_0" id="4F275D11-90A2-4DE2-7DDD-8E2967A2C298">
<createdBy>aleja_000</createdBy>
<createdTime>2015-10-14 02:12:46 UTC</createdTime>
<generatorID>Generado por el Usuario</generatorID>
<ownerDesignName>try1</ownerDesignName>
<engineerTo>
<item key="3B359327-6FB8-5E21-C9F3-ACA215566710" value="true"/>
</engineerTo>
<identifying>false</identifying>
<nameOnSource>Super Type</nameOnSource>
<nameOnTarget>Sub Type</nameOnTarget>
<optionalSource>true</optionalSource>
<optionalTarget>true</optionalTarget>
<sourceEntity>782117C0-8D97-3D93-674E-91E0242B5745</sourceEntity>
<targetEntity>B0901B92-02EF-C61F-6397-2AEBA657D255</targetEntity>
<transferable>true</transferable>
<deleteRule>NO ACTION</deleteRule>
</InheritanceRelation>