<?xml version = '1.0' encoding = 'UTF-8'?>
<Table class="oracle.dbtools.crest.model.design.relational.Table" directorySegmentName="seg_0" id="154F5BFA-6BC1-2FEC-4C32-CF38AFFE3D4D" name="Usuario">
<createdBy>CaGua</createdBy>
<createdTime>2015-10-17 02:32:07 UTC</createdTime>
<generatorID>782117C0-8D97-3D93-674E-91E0242B5745</generatorID>
<ownerDesignName>try4</ownerDesignName>
<allowColumnReorder>false</allowColumnReorder>
<existDependencyGenerateInDDl>true</existDependencyGenerateInDDl>
<parsed>true</parsed>
<columns itemClass="oracle.dbtools.crest.model.design.relational.Column">
<Column name="cedula" id="7F487D61-9078-1DB3-6FD9-C52AB156253E">
<createdBy>CaGua</createdBy>
<createdTime>2015-10-17 02:32:07 UTC</createdTime>
<generatorID>E7A6E625-F4D4-964D-EC6A-27D09D3275BF</generatorID>
<ownerDesignName>try4</ownerDesignName>
<useDomainConstraints>false</useDomainConstraints>
<use>1</use>
<logicalDatatype>LOGDT019</logicalDatatype>
<ownDataTypeParameters>,,</ownDataTypeParameters>
<autoIncrementCycle>false</autoIncrementCycle>
</Column>
<Column name="correo" id="69B2B038-4E7D-2707-7995-4CA8540DE134">
<createdBy>CaGua</createdBy>
<createdTime>2015-10-17 02:32:07 UTC</createdTime>
<generatorID>D349947E-3FC5-A846-023A-9A0EE5FB2AA2</generatorID>
<ownerDesignName>try4</ownerDesignName>
<useDomainConstraints>false</useDomainConstraints>
<use>1</use>
<logicalDatatype>LOGDT024</logicalDatatype>
<ownDataTypeParameters>,,</ownDataTypeParameters>
<autoIncrementCycle>false</autoIncrementCycle>
</Column>
<Column name="nombre" id="26A70714-0F58-72D7-83EF-BEB956BF6D0B">
<createdBy>CaGua</createdBy>
<createdTime>2015-10-17 02:32:07 UTC</createdTime>
<generatorID>982927AA-67A3-335E-FE1C-CF871D2D812C</generatorID>
<ownerDesignName>try4</ownerDesignName>
<useDomainConstraints>false</useDomainConstraints>
<use>1</use>
<logicalDatatype>LOGDT024</logicalDatatype>
<ownDataTypeParameters>,,</ownDataTypeParameters>
<autoIncrementCycle>false</autoIncrementCycle>
</Column>
<Column name="apellido" id="1621D963-6736-AA0E-F5EF-DA4D64A7FFFB">
<createdBy>CaGua</createdBy>
<createdTime>2015-10-17 02:32:07 UTC</createdTime>
<generatorID>138B8A86-AB49-BED8-5FB2-3C15FF00E50E</generatorID>
<ownerDesignName>try4</ownerDesignName>
<useDomainConstraints>false</useDomainConstraints>
<use>1</use>
<logicalDatatype>LOGDT024</logicalDatatype>
<ownDataTypeParameters>,,</ownDataTypeParameters>
<autoIncrementCycle>false</autoIncrementCycle>
</Column>
</columns>
<indexes itemClass="oracle.dbtools.crest.model.design.relational.Index">
<ind_PK_UK id="98EA3A84-AE27-A445-F23C-AA4F9F41D0F1" name="Usuario_PK">
<createdBy>CaGua</createdBy>
<createdTime>2015-10-17 02:32:07 UTC</createdTime>
<generatorID>651C5533-CA01-2339-52E0-A990DE925E7C</generatorID>
<ownerDesignName>try4</ownerDesignName>
<pk>true</pk>
<indexState>Primary Constraint</indexState>
<isSurrogateKey>false</isSurrogateKey>
<indexColumnUsage>
<colUsage columnID="7F487D61-9078-1DB3-6FD9-C52AB156253E"/>
</indexColumnUsage>
</ind_PK_UK>
</indexes>
</Table>