<?xml version = '1.0' encoding = 'UTF-8'?>
<Table class="oracle.dbtools.crest.model.design.relational.Table" directorySegmentName="seg_0" id="7983DA24-5868-AA28-E850-F03B450EF15A" name="Imagen">
<createdBy>CaGua</createdBy>
<createdTime>2015-10-17 02:32:07 UTC</createdTime>
<generatorID>9D9E1B5B-5ED5-9581-08A0-800EAA617ABD</generatorID>
<ownerDesignName>try4</ownerDesignName>
<allowColumnReorder>false</allowColumnReorder>
<existDependencyGenerateInDDl>true</existDependencyGenerateInDDl>
<parsed>true</parsed>
<columns itemClass="oracle.dbtools.crest.model.design.relational.Column">
<Column name="Propiedad_idProp" id="18C968C9-95AB-7D5D-D435-A28ABEBCDB36">
<createdBy>CaGua</createdBy>
<createdTime>2015-10-17 02:32:07 UTC</createdTime>
<generatorID>BD5C13A2-79C7-3890-70A1-0EF7B43F9C68</generatorID>
<ownerDesignName>try4</ownerDesignName>
<useDomainConstraints>false</useDomainConstraints>
<use>1</use>
<logicalDatatype>LOGDT019</logicalDatatype>
<ownDataTypeParameters>,,</ownDataTypeParameters>
<previousColumn>false</previousColumn>
<autoIncrementCycle>false</autoIncrementCycle>
<associations>
<colAssociation fkAssociation="D733A3FE-9288-B3A7-FC24-411AF7FDE629" referredColumn="EEDD9EFE-506E-EE41-CB4A-FABED0EF504B"/>
</associations>
</Column>
<Column name="imagen" id="2DB09E99-2CCA-C72A-BC4D-6A6A1D26D029">
<createdBy>CaGua</createdBy>
<createdTime>2015-10-17 02:32:07 UTC</createdTime>
<generatorID>4CB6278F-6589-9A94-092E-FDC253E357D0</generatorID>
<ownerDesignName>try4</ownerDesignName>
<useDomainConstraints>false</useDomainConstraints>
<use>1</use>
<logicalDatatype>LOGDT029</logicalDatatype>
<ownDataTypeParameters>,,</ownDataTypeParameters>
<autoIncrementCycle>false</autoIncrementCycle>
</Column>
<Column name="descripcion" id="8507CD51-4402-EDCD-DC44-5E2A0FC9F6CF">
<createdBy>CaGua</createdBy>
<createdTime>2015-10-17 02:32:07 UTC</createdTime>
<generatorID>5557BE18-C847-2D1B-9E8F-FE866EFD5AF1</generatorID>
<ownerDesignName>try4</ownerDesignName>
<useDomainConstraints>false</useDomainConstraints>
<use>1</use>
<logicalDatatype>LOGDT024</logicalDatatype>
<ownDataTypeParameters>,,</ownDataTypeParameters>
<autoIncrementCycle>false</autoIncrementCycle>
</Column>
<Column name="fecha" id="2721A79C-A8DD-8999-EF16-5BBC34257C61">
<createdBy>CaGua</createdBy>
<createdTime>2015-10-17 02:32:07 UTC</createdTime>
<generatorID>12A8CBCA-252B-3577-F0C0-78337A8B2458</generatorID>
<ownerDesignName>try4</ownerDesignName>
<useDomainConstraints>false</useDomainConstraints>
<use>1</use>
<logicalDatatype>LOGDT007</logicalDatatype>
<ownDataTypeParameters>,,</ownDataTypeParameters>
<autoIncrementCycle>false</autoIncrementCycle>
</Column>
</columns>
<indexes itemClass="oracle.dbtools.crest.model.design.relational.Index">
<ind_PK_UK id="AC80B883-3A92-FE37-C6A4-98E3E3260E1B" name="Imagen_PK">
<createdBy>CaGua</createdBy>
<createdTime>2015-10-17 02:32:07 UTC</createdTime>
<generatorID>9CDCFED5-F9B0-FBD3-48F8-2F6DF9688848</generatorID>
<ownerDesignName>try4</ownerDesignName>
<pk>true</pk>
<indexState>Primary Constraint</indexState>
<isSurrogateKey>false</isSurrogateKey>
<indexColumnUsage>
<colUsage columnID="18C968C9-95AB-7D5D-D435-A28ABEBCDB36"/>
</indexColumnUsage>
</ind_PK_UK>
<ind_PK_UK id="07C96173-1A53-A536-5F63-3EAA9F893136" name="Imagen_Propiedad_FK">
<createdBy>CaGua</createdBy>
<createdTime>2015-10-17 02:32:07 UTC</createdTime>
<generatorID>87E3FF14-998A-6F0F-1940-0BD68CF80880</generatorID>
<ownerDesignName>try4</ownerDesignName>
<indexState>Foreign Key</indexState>
<isSurrogateKey>false</isSurrogateKey>
<indexColumnUsage>
<colUsage columnID="18C968C9-95AB-7D5D-D435-A28ABEBCDB36"/>
</indexColumnUsage>
</ind_PK_UK>
</indexes>
</Table>